{
  "game": "minecraft",
  "formatVersion": 1,
  "versionId": "beta1.0-b",
  "name": "工业革命：新纪元",
  "summary": "1.20.1, Forge 47.4.6",
  "files": [
    {
      "path": "mods/architectury-9.2.14-forge.jar",
      "hashes": {
        "sha1": "a52918a500ff421180a1cbd1a0cabee712134ec4",
        "sha512": "cf67f2050cafa00f0bee42e6d7bef77fdb808ac4f71742f7b4d6d5c1e6ffb49561a5a252f332d2b78a9767bdb5faa284611790dba303fbdc736ae36d794f61c7"
      },
      "downloads": [
        "https://cdn.modrinth.com/data/lhGA9TYQ/versions/1MKTLiiG/architectury-9.2.14-forge.jar",
        "https://mediafilez.forgecdn.net/files/5137/938/architectury-9.2.14-forge.jar",
        "https://edge.forgecdn.net/files/5137/938/architectury-9.2.14-forge.jar"
      ],
      "fileSize": 580602
    },
    {
      "path": "mods/BadOptimizations-2.3.1-1.20.1.jar",
      "hashes": {
        "sha1": "05961374fb4e561e063168d058b155f8415c6697",
        "sha512": "f8d0e010d7a03112a8f8860971a0358e6c50c40f8f7ed5fc76a8afc07779232916e98d83b753b400a41aa99e7d5515219cb840eef645caf89a21e85f633bed10"
      },
      "downloads": [
        "https://cdn.modrinth.com/data/g96Z4WVZ/versions/BKvbnpID/BadOptimizations-2.3.1-1.20.1.jar",
        "https://mediafilez.forgecdn.net/files/7055/630/BadOptimizations-2.3.1-1.20.1.jar",
        "https://edge.forgecdn.net/files/7055/630/BadOptimizations-2.3.1-1.20.1.jar"
      ],
      "fileSize": 452475
    },
    {
      "path": "mods/balm-forge-1.20.1-7.3.37-all.jar",
      "hashes": {
        "sha1": "bb7af11fd4bc2e76fce98f90c752279ae381b934",
        "sha512": "fdd486149e393156ad423e8eaf4abbb041d26b79a7aadc220dfd3554fbd71c646de629949264a76a2abcca98103051151ab6581862bed97945e87ef7fbf5bd5f"
      },
      "downloads": [
        "https://mediafilez.forgecdn.net/files/7087/245/balm-forge-1.20.1-7.3.37-all.jar",
        "https://edge.forgecdn.net/files/7087/245/balm-forge-1.20.1-7.3.37-all.jar"
      ],
      "fileSize": 590486
    },
    {
      "path": "mods/Bookshelf-Fabric-1.20.1-20.2.13.jar",
      "hashes": {
        "sha1": "67a67945139b0c26bc8075a746b8f0ed571a9b8a",
        "sha512": "6cc0536833c4f1922711da91c3baf3a79b4bf8c72aa548a34e8f4852fc9b1cb51f21729c58544fbe05909fd3e1da316d1f885033af5844024cea936c3626e3d2"
      },
      "downloads": [
        "https://cdn.modrinth.com/data/uy4Cnpcm/versions/CBnLZwRS/Bookshelf-Fabric-1.20.1-20.2.13.jar",
        "https://mediafilez.forgecdn.net/files/5423/988/Bookshelf-Fabric-1.20.1-20.2.13.jar",
        "https://edge.forgecdn.net/files/5423/988/Bookshelf-Fabric-1.20.1-20.2.13.jar"
      ],
      "fileSize": 322180
    },
    {
      "path": "mods/Bookshelf-Forge-1.20.1-20.2.13.jar",
      "hashes": {
        "sha1": "c53d9eb5ce9e8ef0f2ea9b11e478d84ce958c3e5",
        "sha512": "1143753a001bccb3fc84c699cc93343f1941da9b7a63d3a3b8078808262b42962f8b10a2c16ed97a49c058865a6dbaa7e85a1e8842b95039d222f06ab4ee9509"
      },
      "downloads": [
        "https://cdn.modrinth.com/data/uy4Cnpcm/versions/tNwsir0K/Bookshelf-Forge-1.20.1-20.2.13.jar",
        "https://mediafilez.forgecdn.net/files/5423/987/Bookshelf-Forge-1.20.1-20.2.13.jar",
        "https://edge.forgecdn.net/files/5423/987/Bookshelf-Forge-1.20.1-20.2.13.jar"
      ],
      "fileSize": 343962
    },
    {
      "path": "mods/botarium-forge-1.20.1-2.3.4.jar",
      "hashes": {
        "sha1": "a6928cb03b7c5f81900d3d3c8e8c8f6a89a51a5b",
        "sha512": "aa3530dde50966e47958690b02a343c4de3782d32ae3b2cb75b2155eebb76e172a292768d846b8d14a97bc9ebe18f1f655eaa3469fce13b2b4b15b16af0aba01"
      },
      "downloads": [
        "https://cdn.modrinth.com/data/2u6LRnMa/versions/O7D6FTfW/botarium-forge-1.20.1-2.3.4.jar",
        "https://mediafilez.forgecdn.net/files/5486/70/botarium-forge-1.20.1-2.3.4.jar",
        "https://edge.forgecdn.net/files/5486/70/botarium-forge-1.20.1-2.3.4.jar"
      ],
      "fileSize": 157633
    },
    {
      "path": "mods/clientsort-forge-2.0.2+1.20.1.jar",
      "hashes": {
        "sha1": "13bded08cb83cc2e0e52946e138b4d6e7019d9cd",
        "sha512": "632806fd38be7afd0e91aff5f980bf7b3bae50491b3e9fb7e9fa89295886bfc29111573fe4976501c56af47de68ada60c793a2e4f617a1475c92ee569a437c99"
      },
      "downloads": [
        "https://cdn.modrinth.com/data/K0AkAin6/versions/fNcCjHdf/clientsort-forge-2.0.2%2B1.20.1.jar",
        "https://mediafilez.forgecdn.net/files/7094/872/clientsort-forge-2.0.2%2b1.20.1.jar",
        "https://edge.forgecdn.net/files/7094/872/clientsort-forge-2.0.2%2b1.20.1.jar"
      ],
      "fileSize": 924500
    },
    {
      "path": "mods/cloth-config-11.1.136-forge.jar",
      "hashes": {
        "sha1": "c65d07748acc57ceb45d53b3964368b84f34d54f",
        "sha512": "137c4af99c53d77317cbfb1cc8c49fc2761708b49d1992f51fd846960df41dde3a83519c987e081508d4ed90c603566f3d5a6cb620ad9d85b8f4de59aa9115ef"
      },
      "downloads": [
        "https://cdn.modrinth.com/data/9s6osm5g/versions/t8TXrZvZ/cloth-config-11.1.136-forge.jar",
        "https://mediafilez.forgecdn.net/files/5729/105/cloth-config-11.1.136-forge.jar",
        "https://edge.forgecdn.net/files/5729/105/cloth-config-11.1.136-forge.jar"
      ],
      "fileSize": 1181413
    },
    {
      "path": "mods/colorwheel-forge-1.0.0+mc1.20.1.jar",
      "hashes": {
        "sha1": "b121710c6e85138b5f094568b273da6cae4d1ef3",
        "sha512": "3013ea271ad102cc1b5ab0b56ccd8e404d7615926ab3f29d207060dbceb9cc04e36bd4704d8cb84d30a431463e55f471e3d78f21ee70896748d627d4af9355c2"
      },
      "downloads": [
        "https://cdn.modrinth.com/data/BzHgFoGz/versions/zWfG4hbK/colorwheel-forge-1.0.0%2Bmc1.20.1.jar",
        "https://mediafilez.forgecdn.net/files/7020/368/colorwheel-forge-1.0.0%2bmc1.20.1.jar",
        "https://edge.forgecdn.net/files/7020/368/colorwheel-forge-1.0.0%2bmc1.20.1.jar"
      ],
      "fileSize": 342148
    },
    {
      "path": "mods/createaddition-1.20.1-1.3.2.jar",
      "hashes": {
        "sha1": "41ea564e270effea8bad04b937fb30d2a3bb5053",
        "sha512": "6233e2a097557f425b3689a584a3d33df665b2217b201a4b2de7aaa88074a01156f9959c5a704bcbe9c17284bd7e97274b13b32bfa579413089796b4bcc67f13"
      },
      "downloads": [
        "https://mediafilez.forgecdn.net/files/6901/922/createaddition-1.20.1-1.3.2.jar",
        "https://edge.forgecdn.net/files/6901/922/createaddition-1.20.1-1.3.2.jar"
      ],
      "fileSize": 1583476
    },
    {
      "path": "mods/cwb-forge-3.0.0+mc1.20.jar",
      "hashes": {
        "sha1": "f13cdf747b7f97a27f0a365f8390a72e3ea5fe99",
        "sha512": "0eb5f0d4ec7739c4cd767fbabf37c00b23c7435546072d82431e08b1b72c87cff5f36fd800f85881497ab764b62f15908fbca8f92b25620975d8a0da9c945765"
      },
      "downloads": [
        "https://cdn.modrinth.com/data/ETlrkaYF/versions/QzVMYIfG/cwb-forge-3.0.0%2Bmc1.20.jar",
        "https://mediafilez.forgecdn.net/files/5855/464/cwb-forge-3.0.0%2bmc1.20.jar",
        "https://edge.forgecdn.net/files/5855/464/cwb-forge-3.0.0%2bmc1.20.jar"
      ],
      "fileSize": 258613
    },
    {
      "path": "mods/embeddium-0.3.31+mc1.20.1.jar",
      "hashes": {
        "sha1": "bb2fa8f3e493af16af9160d049f96c614a1faf2f",
        "sha512": "ffbf2da4685260a4d5c14c621708bd20722563f084f042d3dfb0a7b87f048e39299648c854a93939129da0d23a15a91ec628560d601e76074b08e275f6e132e9"
      },
      "downloads": [
        "https://cdn.modrinth.com/data/sk9rgfiA/versions/UTbfe5d1/embeddium-0.3.31%2Bmc1.20.1.jar",
        "https://mediafilez.forgecdn.net/files/5681/725/embeddium-0.3.31%2bmc1.20.1.jar",
        "https://edge.forgecdn.net/files/5681/725/embeddium-0.3.31%2bmc1.20.1.jar"
      ],
      "fileSize": 1320675
    },
    {
      "path": "mods/fancymenu_forge_3.7.0_MC_1.20.1.jar",
      "hashes": {
        "sha1": "f33a40f7d33585e781d90d00d156178e369ae8ed",
        "sha512": "00579685f38e30eaeaf2ab01c23ea72b53ef03245e46be35297e0955383e070a92983ec5ca2043592fcf34213d3cf9ae8e82165187da7d3b32d84b65c9d054fa"
      },
      "downloads": [
        "https://cdn.modrinth.com/data/Wq5SjeWM/versions/MbyfTTsz/fancymenu_forge_3.7.0_MC_1.20.1.jar",
        "https://mediafilez.forgecdn.net/files/6918/987/fancymenu_forge_3.7.0_MC_1.20.1.jar",
        "https://edge.forgecdn.net/files/6918/987/fancymenu_forge_3.7.0_MC_1.20.1.jar"
      ],
      "fileSize": 3628603
    },
    {
      "path": "mods/flerovium-forge-1.20.1-1.2.15-all.jar",
      "hashes": {
        "sha1": "bdddd8b5b32c3efe38c7e8cda654e6382eb4d817",
        "sha512": "dd464cc3c16d6c83513d3c363f42b8a68058d299fe60916ea8fd957060ff28a65eb059ece4d89e5945b29bb5b1b5babe0c3c160d945501317d0e5f034c27cad6"
      },
      "downloads": [
        "https://cdn.modrinth.com/data/4Rh1Mobu/versions/hLjmp0IN/flerovium-forge-1.20.1-1.2.15-all.jar",
        "https://mediafilez.forgecdn.net/files/6790/332/flerovium-forge-1.20.1-1.2.15-all.jar",
        "https://edge.forgecdn.net/files/6790/332/flerovium-forge-1.20.1-1.2.15-all.jar"
      ],
      "fileSize": 232403
    },
    {
      "path": "mods/ftb-library-forge-2001.2.10.jar",
      "hashes": {
        "sha1": "9472bb30d0e38cb774b9cc7852bdd8dbf845622b",
        "sha512": "4238fab05d4fd6406f77e4b032e3a38d7d29e08681d4082538acc33a885ef51e7443c45e120cd48b86f830ca28dae928b0199bd79590d231fc9bda172bcb3d05"
      },
      "downloads": [
        "https://mediafilez.forgecdn.net/files/6807/424/ftb-library-forge-2001.2.10.jar",
        "https://edge.forgecdn.net/files/6807/424/ftb-library-forge-2001.2.10.jar"
      ],
      "fileSize": 791875
    },
    {
      "path": "mods/fzzy_config-0.7.2+1.20.1+forge.jar",
      "hashes": {
        "sha1": "a06d2ae66dbed25fd7f1d878254bce3a40680800",
        "sha512": "49ac78bfc8d627bb0bb081f00a23a3a3baaf9e6fce831849a0a3872bfac7635507025af8f4debecfdedd544ccd634286648c48b31970492a26ede9d02ca6307c"
      },
      "downloads": [
        "https://cdn.modrinth.com/data/hYykXjDp/versions/eNoSkpjw/fzzy_config-0.7.2%2B1.20.1%2Bforge.jar",
        "https://mediafilez.forgecdn.net/files/6843/463/fzzy_config-0.7.2%2b1.20.1%2bforge.jar",
        "https://edge.forgecdn.net/files/6843/463/fzzy_config-0.7.2%2b1.20.1%2bforge.jar"
      ],
      "fileSize": 2275298
    },
    {
      "path": "mods/guideme-20.1.13.jar",
      "hashes": {
        "sha1": "fc66445539dbd7cd7d763297ea73af5e34c642db",
        "sha512": "1983c44e7ab1110096929eb49f3e1eeeced97719140ff1b732fce5646744c2b0a971060a3d4289b79ff339ffc9d582f8f2afff5bd88e7cd61e43fb5a1ccc760d"
      },
      "downloads": [
        "https://cdn.modrinth.com/data/Ck4E7v7R/versions/SYp7t1xZ/guideme-20.1.13.jar",
        "https://mediafilez.forgecdn.net/files/7013/686/guideme-20.1.13.jar",
        "https://edge.forgecdn.net/files/7013/686/guideme-20.1.13.jar"
      ],
      "fileSize": 9413127
    },
    {
      "path": "mods/ImmediatelyFast-Forge-1.5.2+1.20.4.jar",
      "hashes": {
        "sha1": "2eeca5deb063ed49bb9c6be8b162ca6270202239",
        "sha512": "648cd5c451f8e5b4c7404179b75d4044aa14501c832a38e09877de74902e2ce3156af1cb936c91b48cd6210d1e576f0808142ca24a0d291990fdf245ff2da993"
      },
      "downloads": [
        "https://cdn.modrinth.com/data/5ZwdcRci/versions/aFMmx5Ig/ImmediatelyFast-Forge-1.5.2%2B1.20.4.jar",
        "https://mediafilez.forgecdn.net/files/6997/261/ImmediatelyFast-Forge-1.5.2%2b1.20.4.jar",
        "https://edge.forgecdn.net/files/6997/261/ImmediatelyFast-Forge-1.5.2%2b1.20.4.jar"
      ],
      "fileSize": 425140
    },
    {
      "path": "mods/konkrete_forge_1.8.0_MC_1.20-1.20.1.jar",
      "hashes": {
        "sha1": "2019d821bed9071daabed43979433a5473ceee49",
        "sha512": "df79a0c64da14ca2b27dc04a72d85ce5c8e7c498e7b72da4d7bfddd592bb4bac165e70afe33fac97446e4996fffd8003350df07ede2a77233dddec77b8ff0ee7"
      },
      "downloads": [
        "https://cdn.modrinth.com/data/J81TRJWm/versions/skYziQQL/konkrete_forge_1.8.0_MC_1.20-1.20.1.jar",
        "https://mediafilez.forgecdn.net/files/5028/413/konkrete_forge_1.8.0_MC_1.20-1.20.1.jar",
        "https://edge.forgecdn.net/files/5028/413/konkrete_forge_1.8.0_MC_1.20-1.20.1.jar"
      ],
      "fileSize": 625185
    },
    {
      "path": "mods/kotlinforforge-4.11.0-all.jar",
      "hashes": {
        "sha1": "1fd8acfd75a2be2dc3cdcc7e816482b2e427d6e5",
        "sha512": "d72707078f0c4fde78981c638ca976722f22a64ce74bdb489258790fe9886d763a7b1e0dfbc5429ddd3105d8a65d177f06242dfb1457e219e56c70dd3e8cbf2c"
      },
      "downloads": [
        "https://cdn.modrinth.com/data/ordsPcFz/versions/hmeyC41q/kotlinforforge-4.11.0-all.jar",
        "https://mediafilez.forgecdn.net/files/5402/61/kotlinforforge-4.11.0-all.jar",
        "https://edge.forgecdn.net/files/5402/61/kotlinforforge-4.11.0-all.jar"
      ],
      "fileSize": 7193768
    },
    {
      "path": "mods/kubejs-forge-2001.6.5-build.16.jar",
      "hashes": {
        "sha1": "93fcf0eacc5dc08a4f719eaaed1dc93f0dc80f66",
        "sha512": "819f730d2a9d980bb246d30d67793f06f6a1608381c7ce3577cf25e70dd3d595271f8fcfbf3ae037168842f660e79e49846756bd18c79793b310ff18ab826cbd"
      },
      "downloads": [
        "https://cdn.modrinth.com/data/umyGl7zF/versions/g5igndAv/kubejs-forge-2001.6.5-build.16.jar",
        "https://mediafilez.forgecdn.net/files/5853/326/kubejs-forge-2001.6.5-build.16.jar",
        "https://edge.forgecdn.net/files/5853/326/kubejs-forge-2001.6.5-build.16.jar"
      ],
      "fileSize": 1654660
    },
    {
      "path": "mods/melody_forge_1.0.3_MC_1.20.1-1.20.4.jar",
      "hashes": {
        "sha1": "e0942d396a70c09038e6c2e5e1da6505178249b8",
        "sha512": "43c60d0cb98b1642d663e3cea68d50c01e9be82361851bf40c5c869e6593499aaf4b410d891d07a083f3c4b2df7fc06b2f8fbaa3c661a5061d46e250c017d30f"
      },
      "downloads": [
        "https://cdn.modrinth.com/data/CVT4pFB2/versions/lJlW5r8R/melody_forge_1.0.3_MC_1.20.1-1.20.4.jar",
        "https://mediafilez.forgecdn.net/files/5109/692/melody_forge_1.0.3_MC_1.20.1-1.20.4.jar",
        "https://edge.forgecdn.net/files/5109/692/melody_forge_1.0.3_MC_1.20.1-1.20.4.jar"
      ],
      "fileSize": 37178
    },
    {
      "path": "mods/noisium-forge-2.3.0+mc1.20-1.20.1.jar",
      "hashes": {
        "sha1": "7da1cdf00c0ae5cad31e17f765f6ea021c8ac808",
        "sha512": "5bc43bc1b748edcd63d074a8bb14d393d986c51e1933e1f38cd7a2dd2fd70dba5a46a6415f46d4a52c68e7e1e9ce101e54376ad04273df958608e2fdb43db502"
      },
      "downloads": [
        "https://cdn.modrinth.com/data/KuNKN7d2/versions/gbYUKrDP/noisium-forge-2.3.0%2Bmc1.20-1.20.1.jar",
        "https://mediafilez.forgecdn.net/files/5650/506/noisium-forge-2.3.0%2bmc1.20-1.20.1.jar",
        "https://edge.forgecdn.net/files/5650/506/noisium-forge-2.3.0%2bmc1.20-1.20.1.jar"
      ],
      "fileSize": 218152
    },
    {
      "path": "mods/oculus-mc1.20.1-1.8.0.jar",
      "hashes": {
        "sha1": "984f774e71790deaec674c7587bd24e0711871b2",
        "sha512": "1bb4ac77400d6684347988ed298a692c2cb15cf7923693607eb8739b171a20fef7412259e9e157111d9ce21779badab386029956f7d2283a9e611722a373e9d5"
      },
      "downloads": [
        "https://cdn.modrinth.com/data/GchcoXML/versions/iQ1SwGc3/oculus-mc1.20.1-1.8.0.jar",
        "https://mediafilez.forgecdn.net/files/6020/952/oculus-mc1.20.1-1.8.0.jar",
        "https://edge.forgecdn.net/files/6020/952/oculus-mc1.20.1-1.8.0.jar"
      ],
      "fileSize": 2851119
    },
    {
      "path": "mods/particle_core-0.2.6+1.20.1+forge.jar",
      "hashes": {
        "sha1": "91f302ab9b85016aeb3a9a0e85b80650a1d2e984",
        "sha512": "58c88b1654f3b2d733860aa3358cfa322245f2edc4ee6e79150912bf675c6bdef936f2f4f043a7cc56472a24cdee7f5963b6db2631478446fdcaf14ebc17d94c"
      },
      "downloads": [
        "https://cdn.modrinth.com/data/RSeLon5O/versions/bqPuw9aZ/particle_core-0.2.6%2B1.20.1%2Bforge.jar",
        "https://mediafilez.forgecdn.net/files/6427/560/particle_core-0.2.6%2b1.20.1%2bforge.jar",
        "https://edge.forgecdn.net/files/6427/560/particle_core-0.2.6%2b1.20.1%2bforge.jar"
      ],
      "fileSize": 97943
    },
    {
      "path": "mods/saturn-mc1.20.1-0.1.3.jar",
      "hashes": {
        "sha1": "ad93f99d46714c46aaa6a4409aeca506e9fcac99",
        "sha512": "8b4b9a69e7b55df8148e83a6d17ef381b9c412d8730d0068974bd48bbdae1a1a43837a5307471bc5dd2b41d3aa821d73c8683a3f480a9d987b2cf0969aa178cc"
      },
      "downloads": [
        "https://cdn.modrinth.com/data/2eT495vq/versions/Yx85DYaG/saturn-mc1.20.1-0.1.3.jar",
        "https://mediafilez.forgecdn.net/files/5093/785/saturn-mc1.20.1-0.1.3.jar",
        "https://edge.forgecdn.net/files/5093/785/saturn-mc1.20.1-0.1.3.jar"
      ],
      "fileSize": 92319
    },
    {
      "path": "mods/sodiumoptionsapi-forge-1.0.10-1.20.1.jar",
      "hashes": {
        "sha1": "7529fbf938787ed13a251cbf40936f8c29ec4b6c",
        "sha512": "20b11f1582df3df3d351e0cffcfc8b97453e2d73164fbad46d3f4eb960cab57d8f708d84b818782ef019d5cd9494ce001161f753623680516a191d6f510ebb79"
      },
      "downloads": [
        "https://cdn.modrinth.com/data/Es5v4eyq/versions/d0EFLitO/sodiumoptionsapi-forge-1.0.10-1.20.1.jar",
        "https://mediafilez.forgecdn.net/files/6100/812/sodiumoptionsapi-forge-1.0.10-1.20.1.jar",
        "https://edge.forgecdn.net/files/6100/812/sodiumoptionsapi-forge-1.0.10-1.20.1.jar"
      ],
      "fileSize": 443978
    },
    {
      "path": "mods/[CoFH核心] cofh_core-1.20.1-11.0.2.56.jar",
      "hashes": {
        "sha1": "6f7c0056fece31bf393df450d79482810ed444af",
        "sha512": "5a62bc6dcaaf3cf77234f3e0559eb6d2ec7db05b39feeba56dbdd46f3378aec6d97bd2078e220fe33891384abc40e1a705affe9d77ae4e35cf60185e07c11a73"
      },
      "downloads": [
        "https://cdn.modrinth.com/data/OWSRM4vD/versions/kglS53Hd/cofh_core-1.20.1-11.0.2.56.jar",
        "https://mediafilez.forgecdn.net/files/5374/122/cofh_core-1.20.1-11.0.2.56.jar",
        "https://edge.forgecdn.net/files/5374/122/cofh_core-1.20.1-11.0.2.56.jar"
      ],
      "fileSize": 1509649
    },
    {
      "path": "mods/[FTB 团队] ftb-teams-forge-2001.3.1.jar",
      "hashes": {
        "sha1": "c2af94e0b86631cb75daa8de2377ff72527651ca",
        "sha512": "2cb200d5197e5baafa9e13e5c594a717c4f90aa17134e33207139f2280be5d2703e56139d24c96df643633c527c69d5bc5c9162ee929291ddd070b5e06a60003"
      },
      "downloads": [
        "https://mediafilez.forgecdn.net/files/6130/786/ftb-teams-forge-2001.3.1.jar",
        "https://edge.forgecdn.net/files/6130/786/ftb-teams-forge-2001.3.1.jar"
      ],
      "fileSize": 248592
    },
    {
      "path": "mods/[FTB任务] ftb-quests-forge-2001.4.14.jar",
      "hashes": {
        "sha1": "479d9ad654984f5cedf23c14a311f3cff4efbcb7",
        "sha512": "91a442d7f4929f216b7c572ae02f032119d61dfaf9cd366114f27ae77fb2656f6a3fcfe64d4ac4ec47d5893179aa2d3d3906cc277710be79882eade54c4c1d8a"
      },
      "downloads": [
        "https://mediafilez.forgecdn.net/files/6829/212/ftb-quests-forge-2001.4.14.jar",
        "https://edge.forgecdn.net/files/6829/212/ftb-quests-forge-2001.4.14.jar"
      ],
      "fileSize": 1222711
    },
    {
      "path": "mods/[JEI物品管理器] jei-1.20.1-forge-15.20.0.116.jar",
      "hashes": {
        "sha1": "ebb8d9033c29538824281b3ac651c49135aba78e",
        "sha512": "4a5337e8f8234e7053c8ad9c9f4f4aaf08ee03f66fea8146e9b5b2e357a8b892540b3b1dfefc73b618b9fa485c7c025481f9d17fb9f522a76839e499f8816741"
      },
      "downloads": [
        "https://cdn.modrinth.com/data/u6dRKJwZ/versions/zzpNSbJZ/jei-1.20.1-forge-15.20.0.116.jar",
        "https://mediafilez.forgecdn.net/files/7037/120/jei-1.20.1-forge-15.20.0.116.jar",
        "https://edge.forgecdn.net/files/7037/120/jei-1.20.1-forge-15.20.0.116.jar"
      ],
      "fileSize": 1387236
    },
    {
      "path": "mods/[Xaero的世界地图] XaerosWorldMap_1.39.12_Forge_1.20.jar",
      "hashes": {
        "sha1": "3c4005a400ba8270738bbe4c573526749ecf2f8f",
        "sha512": "06d68367ec0a3eed9c13a6c02ce4a93d9375c6b32cb8c3e77a7c62f3e3ea6bfadbfae70d0e5f115e2b353d4b186e6cf80bcc73df5b13362d5d18f25fb2a9d6d1"
      },
      "downloads": [
        "https://cdn.modrinth.com/data/NcUtCpym/versions/ATTRzxT3/XaerosWorldMap_1.39.12_Forge_1.20.jar",
        "https://mediafilez.forgecdn.net/files/6778/91/XaerosWorldMap_1.39.12_Forge_1.20.jar",
        "https://edge.forgecdn.net/files/6778/91/XaerosWorldMap_1.39.12_Forge_1.20.jar"
      ],
      "fileSize": 960799
    },
    {
      "path": "mods/[Xaero的小地图] Xaeros_Minimap_25.2.10_Forge_1.20.jar",
      "hashes": {
        "sha1": "1f23df114da3a8603dbe4781c07e8acf20f6d1ce",
        "sha512": "936d2608d74c9a4d702efce51e0197f19f947997af768cb558f4cc5323ea4c5f12ee11b519df4071bdbc8c2aca8caa1baa18f702ef32c24bc4ea78fdbac483b2"
      },
      "downloads": [
        "https://cdn.modrinth.com/data/1bokaNcj/versions/VfhlV9am/Xaeros_Minimap_25.2.10_Forge_1.20.jar",
        "https://mediafilez.forgecdn.net/files/6778/28/Xaeros_Minimap_25.2.10_Forge_1.20.jar",
        "https://edge.forgecdn.net/files/6778/28/Xaeros_Minimap_25.2.10_Forge_1.20.jar"
      ],
      "fileSize": 1723029
    },
    {
      "path": "mods/[传送石碑／指路石] waystones-forge-1.20.1-14.1.17.jar",
      "hashes": {
        "sha1": "0572e124fa1af248b5b978d7c615fb31629103e5",
        "sha512": "7b4f377702f144dcd7f07c54712b2842c1461fe6fa11c30e2f82317b88515e9c98041bad2d42362806d7584ffdf6c65b57cab33c2af396751587da483ac0afc3"
      },
      "downloads": [
        "https://mediafilez.forgecdn.net/files/6856/603/waystones-forge-1.20.1-14.1.17.jar",
        "https://edge.forgecdn.net/files/6856/603/waystones-forge-1.20.1-14.1.17.jar"
      ],
      "fileSize": 518286
    },
    {
      "path": "mods/[动态 FPS] dynamic-fps-3.9.5+minecraft-1.20.0-forge.jar",
      "hashes": {
        "sha1": "a034d1752abd84dc188852dac1ef87fb8ab2247a",
        "sha512": "8c7e44d51941e839e569fa98339d3a7cdf2f41f29cb8f498421a88a799db2ae27963d0ca8be7a9670142e0c6165b633370731565187c710337da709d5fc72963"
      },
      "downloads": [
        "https://cdn.modrinth.com/data/LQ3K71Q1/versions/JsDP4XZK/dynamic-fps-3.9.5%2Bminecraft-1.20.0-forge.jar",
        "https://mediafilez.forgecdn.net/files/6662/27/dynamic-fps-3.9.5%2bminecraft-1.20.0-forge.jar",
        "https://edge.forgecdn.net/files/6662/27/dynamic-fps-3.9.5%2bminecraft-1.20.0-forge.jar"
      ],
      "fileSize": 376061
    },
    {
      "path": "mods/[应用能源2] appliedenergistics2-forge-15.4.8.jar",
      "hashes": {
        "sha1": "afe5d93caa77f5acb0806a4c8908f0c39d99ea7f",
        "sha512": "98cc889ab3c8b4172604161d8e2c65bb84833d73b6fa6d749b5fca245cd4fc18b191a75cfe07f0a648df2f1d5442aed5f1f5555883f6011aca81f470ca5d7d48"
      },
      "downloads": [
        "https://cdn.modrinth.com/data/XxWD5pD3/versions/Zfyso1sP/appliedenergistics2-forge-15.4.8.jar",
        "https://mediafilez.forgecdn.net/files/6852/919/appliedenergistics2-forge-15.4.8.jar",
        "https://edge.forgecdn.net/files/6852/919/appliedenergistics2-forge-15.4.8.jar"
      ],
      "fileSize": 8423946
    },
    {
      "path": "mods/[星光] starlight-1.1.2+forge.1cda73c.jar",
      "hashes": {
        "sha1": "a915880c7834a0b0f9f300f0e3053deaa9a3205a",
        "sha512": "cc89c6b2dd0db709586028c7732a57a3e6184f19cc2b98b25964c720c3ab434031e62de23e0dab022575d637b5e4a34b5813164d32ec356d56588da400e7d026"
      },
      "downloads": [
        "https://cdn.modrinth.com/data/iRfIGC1s/versions/cNa0vkNj/starlight-1.1.2%2Bforge.1cda73c.jar",
        "https://mediafilez.forgecdn.net/files/4631/193/starlight-1.1.2%2bforge.1cda73c.jar",
        "https://edge.forgecdn.net/files/4631/193/starlight-1.1.2%2bforge.1cda73c.jar"
      ],
      "fileSize": 110583
    },
    {
      "path": "mods/[更好的树叶渲染优化重铸版] CullLessLeaves-Reforged-1.20.1-1.0.5.jar",
      "hashes": {
        "sha1": "71b1603071461e036a3ba2aaeeb52cc10fa3d348",
        "sha512": "1d037fd49a9b80eecf2ed8e3b64178d1fbae7cc2a511813ab8b627479713e79a98af0896366e1ad2a3fa3f9849eab086166c1a27227f6d9370c2738132d859e6"
      },
      "downloads": [
        "https://cdn.modrinth.com/data/qthuEuVy/versions/wPOb8yEG/CullLessLeaves-Reforged-1.20.1-1.0.5.jar",
        "https://mediafilez.forgecdn.net/files/4917/82/CullLessLeaves-Reforged-1.20.1-1.0.5.jar",
        "https://edge.forgecdn.net/files/4917/82/CullLessLeaves-Reforged-1.20.1-1.0.5.jar"
      ],
      "fileSize": 22474
    },
    {
      "path": "mods/[机械动力] create-1.20.1-6.0.6.jar",
      "hashes": {
        "sha1": "c5eb5efad7a4776d558b44b28891f2e33eef03e4",
        "sha512": "efc7097430ff2e7fe5e54478efbefc52d0017762b59372878a03f79f4eb0446572290bf377e8aba8374f3a9932fdf1cefd4a4650a9a5f3cf6ab0ad9fd05cc30b"
      },
      "downloads": [
        "https://cdn.modrinth.com/data/LNytGWDc/versions/JjPQsQVw/create-1.20.1-6.0.6.jar",
        "https://mediafilez.forgecdn.net/files/6641/603/create-1.20.1-6.0.6.jar",
        "https://edge.forgecdn.net/files/6641/603/create-1.20.1-6.0.6.jar"
      ],
      "fileSize": 18764522
    },
    {
      "path": "mods/[机械动力：实用物品] createutilities-0.3.2+1.20.1.jar",
      "hashes": {
        "sha1": "60eff24cdd0f167643e75f14062845c584245e80",
        "sha512": "e1227c62ab1da181fbbd7789897823c9c4c9d52338f405dcfc9e28c1a65bb6ad52461ba3d2e8d266c80dffe387aed4ec3ade7da50301f6338482c46ca1555e75"
      },
      "downloads": [
        "https://cdn.modrinth.com/data/PRHeWeBs/versions/XZ9y3OVL/createutilities-0.3.2%2B1.20.1.jar",
        "https://mediafilez.forgecdn.net/files/6701/786/createutilities-0.3.2%2b1.20.1.jar",
        "https://edge.forgecdn.net/files/6701/786/createutilities-0.3.2%2b1.20.1.jar"
      ],
      "fileSize": 358535
    },
    {
      "path": "mods/[机械动力：电气时代] create-new-age-forge-1.20.1-1.1.4.jar",
      "hashes": {
        "sha1": "46687106ee5753ff3a92580ce514c6abc6216045",
        "sha512": "c1e8b474fb1757b1c227233bece734e4f8e496497f0e23ab9ecb0562e41fcee782b706e22861a1a8915bca6b8d77d787a74a9e8ecad2bf78fdaa289eab8d008b"
      },
      "downloads": [
        "https://cdn.modrinth.com/data/FTeXqI9v/versions/8pm2JUQy/create-new-age-forge-1.20.1-1.1.4.jar",
        "https://mediafilez.forgecdn.net/files/6482/827/create-new-age-forge-1.20.1-1.1.4.jar",
        "https://edge.forgecdn.net/files/6482/827/create-new-age-forge-1.20.1-1.1.4.jar"
      ],
      "fileSize": 603827
    },
    {
      "path": "mods/[流畅加载重置版] smoothboot(reloaded)-mc1.20.1-0.0.4.jar",
      "hashes": {
        "sha1": "3fd79132dba444bd109b5de4ad75dee06a48e130",
        "sha512": "1cf706491339f3efae0d48d0dd596f27a74fcfa8e94008d7ef55e18be8c6f3c437bb74020e48910e1cc724ad35894bffce94788fe8f765c37048d4cc532ba261"
      },
      "downloads": [
        "https://cdn.modrinth.com/data/z53V2L4P/versions/HkfL3iGO/smoothboot%28reloaded%29-mc1.20.1-0.0.4.jar",
        "https://mediafilez.forgecdn.net/files/5016/280/smoothboot(reloaded)-mc1.20.1-0.0.4.jar",
        "https://edge.forgecdn.net/files/5016/280/smoothboot(reloaded)-mc1.20.1-0.0.4.jar"
      ],
      "fileSize": 41044
    },
    {
      "path": "mods/[游戏阶段] GameStages-Forge-1.20.1-15.0.2.jar",
      "hashes": {
        "sha1": "e17306593188b9fd16170a9dc47a8e0051a9f1e7",
        "sha512": "3ae3a8b7d7f505a422b06eca4f2f9ed6233c646a53d8c004a27c373c145ea38979ad82d2169b39ba0219668e0c3cff7c908c018cd4c64ea0af03c0d48ee513d6"
      },
      "downloads": [
        "https://cdn.modrinth.com/data/iAlZk5aS/versions/El97XbC9/GameStages-Forge-1.20.1-15.0.2.jar",
        "https://mediafilez.forgecdn.net/files/5790/361/GameStages-Forge-1.20.1-15.0.2.jar",
        "https://edge.forgecdn.net/files/5790/361/GameStages-Forge-1.20.1-15.0.2.jar"
      ],
      "fileSize": 68468
    },
    {
      "path": "mods/[热力农业] thermal_cultivation-1.20.1-11.0.1.24.jar",
      "hashes": {
        "sha1": "1973b5142aedca44aefa66d2406643e7d00205c7",
        "sha512": "da46fffa1b76ba0c3eb6e8ec527fa8c48123970d648033f59dbfa004823cff53181d1dd57f2227e3dac2f02afbba2e1286211ff0e5110a19a83a085fbe61a346"
      },
      "downloads": [
        "https://cdn.modrinth.com/data/5beJoehw/versions/A2jLUXFB/thermal_cultivation-1.20.1-11.0.1.24.jar",
        "https://mediafilez.forgecdn.net/files/5372/746/thermal_cultivation-1.20.1-11.0.1.24.jar",
        "https://edge.forgecdn.net/files/5372/746/thermal_cultivation-1.20.1-11.0.1.24.jar"
      ],
      "fileSize": 622032
    },
    {
      "path": "mods/[热力基本] thermal_foundation-1.20.1-11.0.6.70.jar",
      "hashes": {
        "sha1": "7c1fbd79c9bda7478560faa886eaadf0dd8d181f",
        "sha512": "721908e776fa037c6b4e7a229f453b7e50efb62a935bfa67d4ee3ac68fbdf860e615b5cf54b0d2221504dd7c736e3d70659c3ea4a0abaa7e688ce5acdb98f87f"
      },
      "downloads": [
        "https://cdn.modrinth.com/data/Xvg6q5Wp/versions/44ilyZbi/thermal_foundation-1.20.1-11.0.6.70.jar",
        "https://mediafilez.forgecdn.net/files/5443/583/thermal_foundation-1.20.1-11.0.6.70.jar",
        "https://edge.forgecdn.net/files/5443/583/thermal_foundation-1.20.1-11.0.6.70.jar"
      ],
      "fileSize": 4549423
    },
    {
      "path": "mods/[热力膨胀] thermal_expansion-1.20.1-11.0.1.29.jar",
      "hashes": {
        "sha1": "c79fe5b922653d109cdcee45f4bca24c86daf6c0",
        "sha512": "cce9e05126064aa60d8c10955c8bcfef92b4080d042dfb663054565fefc9de8268c28b4cb025ed8e3bc9c3da1a9f1266e640c9ea9b799868b6ab4b758de6f3d0"
      },
      "downloads": [
        "https://cdn.modrinth.com/data/hmD6rrUJ/versions/Ux2Z0ow1/thermal_expansion-1.20.1-11.0.1.29.jar",
        "https://mediafilez.forgecdn.net/files/5372/749/thermal_expansion-1.20.1-11.0.1.29.jar",
        "https://edge.forgecdn.net/files/5372/749/thermal_expansion-1.20.1-11.0.1.29.jar"
      ],
      "fileSize": 574141
    },
    {
      "path": "mods/[热力运输] thermal_locomotion-1.20.1-11.0.1.19.jar",
      "hashes": {
        "sha1": "f39c3b75c4a34bc838c1abcc1ba88a8e724b11ec",
        "sha512": "7a48b43fd7d7cc02d331d3ffefe5c96543a688ebc847c8d1b64c6d3ec3799bb0881675d3a5d17ddb0983ef60808bb175fc516fbb72a1edbf9e6bc70421a9297f"
      },
      "downloads": [
        "https://cdn.modrinth.com/data/L3eFR8i3/versions/nkfnQtdO/thermal_locomotion-1.20.1-11.0.1.19.jar",
        "https://mediafilez.forgecdn.net/files/5372/752/thermal_locomotion-1.20.1-11.0.1.19.jar",
        "https://edge.forgecdn.net/files/5372/752/thermal_locomotion-1.20.1-11.0.1.19.jar"
      ],
      "fileSize": 235698
    },
    {
      "path": "mods/[热力集成] thermal_integration-1.20.1-11.0.1.27.jar",
      "hashes": {
        "sha1": "8d6ecb5e6c8b7dc0a95eeaba012c6bcd1b75e77d",
        "sha512": "955d6820b0e73f860e6aab805c2e169e3a17c3b5939d48b656740a62758418340d08d34e815de5f3d4d6f9bfa49b4047b8abdd3b3f153adeb5e9037ea32164f0"
      },
      "downloads": [
        "https://cdn.modrinth.com/data/Ro7yiyD4/versions/hFWGuy24/thermal_integration-1.20.1-11.0.1.27.jar",
        "https://mediafilez.forgecdn.net/files/5374/210/thermal_integration-1.20.1-11.0.1.27.jar",
        "https://edge.forgecdn.net/files/5374/210/thermal_integration-1.20.1-11.0.1.27.jar"
      ],
      "fileSize": 333350
    },
    {
      "path": "mods/[热力革新] thermal_innovation-1.20.1-11.0.1.23.jar",
      "hashes": {
        "sha1": "5c6881416ff4fb116d05f4a48acf12b30f10af82",
        "sha512": "e1a02ec48678b4a6fc23621e6e379d6451312214eee3655efd5d3eec9c8cb7a95023e156c7d66042da26178de644df724a0b41839739abf1ecebc01285658501"
      },
      "downloads": [
        "https://cdn.modrinth.com/data/MNgLmnvM/versions/pzbezfsE/thermal_innovation-1.20.1-11.0.1.23.jar",
        "https://mediafilez.forgecdn.net/files/5372/751/thermal_innovation-1.20.1-11.0.1.23.jar",
        "https://edge.forgecdn.net/files/5372/751/thermal_innovation-1.20.1-11.0.1.23.jar"
      ],
      "fileSize": 225344
    },
    {
      "path": "mods/[物品栏HUD+] inventoryhud.forge.1.20.1-3.4.26.jar",
      "hashes": {
        "sha1": "f0adda10a3d6549e6dfdffd41e72270c61c8a302",
        "sha512": "69698f4b505d070b097fab6b7bde508f8de138137f5825ed6601601a02b3a8876a4ad2f93f25667a6579367dd20dc3a5ae0465a4957bd5740a12668d6b3ad725"
      },
      "downloads": [
        "https://cdn.modrinth.com/data/Kp2uclYl/versions/xnDlNpNS/inventoryhud.forge.1.20.1-3.4.26.jar",
        "https://mediafilez.forgecdn.net/files/5639/966/inventoryhud.forge.1.20.1-3.4.26.jar",
        "https://edge.forgecdn.net/files/5639/966/inventoryhud.forge.1.20.1-3.4.26.jar"
      ],
      "fileSize": 238088
    },
    {
      "path": "mods/[物品过滤器] item-filters-forge-2001.1.0-build.59.jar",
      "hashes": {
        "sha1": "55a7f032c59489eca96069a7841601de2ff97590",
        "sha512": "b11730067f1ed58347966cbaf1373bb3b0f762754517192e5f57577cf3d0c5ddc8107d20b69020c5e0fddeab0bc21138935181b102686675672302c6529ba61c"
      },
      "downloads": [
        "https://mediafilez.forgecdn.net/files/4838/266/item-filters-forge-2001.1.0-build.59.jar",
        "https://edge.forgecdn.net/files/4838/266/item-filters-forge-2001.1.0-build.59.jar"
      ],
      "fileSize": 110191
    },
    {
      "path": "mods/[物品阶段] ItemStages-Forge-1.20.1-8.0.3.jar",
      "hashes": {
        "sha1": "806bfd896cb9af31016d26566406beb5859ff94b",
        "sha512": "ff70c2688c59c8f553df7a79d485b3943b847c6ccef4c0732a9a52301db75be1e6208737b7851d86d8867fcb086c6c67c2cd621009f09e771c39cdd42e146c90"
      },
      "downloads": [
        "https://cdn.modrinth.com/data/1WAfmxKu/versions/sQ1ri9ut/ItemStages-Forge-1.20.1-8.0.3.jar",
        "https://mediafilez.forgecdn.net/files/5214/94/ItemStages-Forge-1.20.1-8.0.3.jar",
        "https://edge.forgecdn.net/files/5214/94/ItemStages-Forge-1.20.1-8.0.3.jar"
      ],
      "fileSize": 32124
    },
    {
      "path": "mods/[犀牛] rhino-forge-2001.2.3-build.10.jar",
      "hashes": {
        "sha1": "c83c9b719a6bab33fbd2b3f2f680eb3adbfc1aa1",
        "sha512": "4eb6a635f3eff3baa158539bd55344421cf69b15e28f7da8bf55f370a11c071f3525063a6f81b67fbfca550ad8aaab7e6208df87f65ca6ed2851edd46f032b58"
      },
      "downloads": [
        "https://cdn.modrinth.com/data/sk9knFPE/versions/uNALdylI/rhino-forge-2001.2.3-build.10.jar",
        "https://mediafilez.forgecdn.net/files/6186/971/rhino-forge-2001.2.3-build.10.jar",
        "https://edge.forgecdn.net/files/6186/971/rhino-forge-2001.2.3-build.10.jar"
      ],
      "fileSize": 1798244
    },
    {
      "path": "mods/[玉 🔍] Jade-1.20.1-Forge-11.13.2.jar",
      "hashes": {
        "sha1": "1997e5fe2db3a0575ca79bfe4720019f01fd2b8c",
        "sha512": "612c7535d28ae0cb336f31b790770b3dcb5173d496fb74eabcb28d06e3b88e72733128060cefc4ae4147cce528a8e8c09688a36d8f9e11dbf77e93d89b743560"
      },
      "downloads": [
        "https://cdn.modrinth.com/data/nvQzSEkH/versions/LecuGude/Jade-1.20.1-Forge-11.13.2.jar",
        "https://mediafilez.forgecdn.net/files/6855/440/Jade-1.20.1-Forge-11.13.2.jar",
        "https://edge.forgecdn.net/files/6855/440/Jade-1.20.1-Forge-11.13.2.jar"
      ],
      "fileSize": 552486
    },
    {
      "path": "mods/[现代化修复] modernfix-forge-5.24.4+mc1.20.1.jar",
      "hashes": {
        "sha1": "daeccb1fbe1d67d426fcc8135cfff463ff0f7e1d",
        "sha512": "8feb0282084196571489b6c1005c32ce4a3f03a6bff05c2cfe448677e4e36d6580f5f0eb428ef839de1dd9c307bfbd15567fd508fb405d2ae7eaec90796e9b14"
      },
      "downloads": [
        "https://cdn.modrinth.com/data/nmDcB62a/versions/CixO1IdG/modernfix-forge-5.24.4%2Bmc1.20.1.jar",
        "https://mediafilez.forgecdn.net/files/6837/713/modernfix-forge-5.24.4%2bmc1.20.1.jar",
        "https://edge.forgecdn.net/files/6837/713/modernfix-forge-5.24.4%2bmc1.20.1.jar"
      ],
      "fileSize": 880557
    },
    {
      "path": "mods/[精妙存储] sophisticatedstorage-1.20.1-1.4.11.1344.jar",
      "hashes": {
        "sha1": "5adc216a78e3c8574160db29324f35d630dbc77b",
        "sha512": "a5aa4930e64da1cf61a28d5cd32aefee2a20013f1b62200751714be4fe8ddee95db9a31b67f3e731f7a22ba7616b0050374c9ca81a83ef2e3d4a32f552fb857a"
      },
      "downloads": [
        "https://mediafilez.forgecdn.net/files/7057/723/sophisticatedstorage-1.20.1-1.4.11.1344.jar",
        "https://edge.forgecdn.net/files/7057/723/sophisticatedstorage-1.20.1-1.4.11.1344.jar"
      ],
      "fileSize": 1672144
    },
    {
      "path": "mods/[精妙核心] sophisticatedcore-1.20.1-1.2.105.1230.jar",
      "hashes": {
        "sha1": "b5c142ae0477d82322cd5641815ff14d7c63f6d9",
        "sha512": "32e511722263dd22e689c13787118e63b1aa929cabbd74ca3301e538c1c6a91a6f6f4361c086cca8c16c30e56163c3b7cae2c6aa4bb9122de3d4cfb47ba135cd"
      },
      "downloads": [
        "https://mediafilez.forgecdn.net/files/7077/1/sophisticatedcore-1.20.1-1.2.105.1230.jar",
        "https://edge.forgecdn.net/files/7077/1/sophisticatedcore-1.20.1-1.2.105.1230.jar"
      ],
      "fileSize": 1438971
    },
    {
      "path": "mods/[精妙背包] sophisticatedbackpacks-1.20.1-3.24.9.1391.jar",
      "hashes": {
        "sha1": "ba67242680861a1539ac9944939510d156578695",
        "sha512": "cb8dad3926a88bb193b1069b06acfa4e675b5a35917235bbfcff953b5642665d5ccffca33fad370e8fb3f4573b9423d8a038abd3dcac32eeecb6adae2b9a5136"
      },
      "downloads": [
        "https://mediafilez.forgecdn.net/files/7057/665/sophisticatedbackpacks-1.20.1-3.24.9.1391.jar",
        "https://edge.forgecdn.net/files/7057/665/sophisticatedbackpacks-1.20.1-3.24.9.1391.jar"
      ],
      "fileSize": 970980
    },
    {
      "path": "mods/[自然罗盘／生物群系指南针] NaturesCompass-1.20.1-1.11.2-forge.jar",
      "hashes": {
        "sha1": "31ae930cdbb34e8e05e1954cfb2fee3a3813e850",
        "sha512": "7a2a9e9e91f9d2093d94c42ed056bca4048f39ba45b233415b6d1874986b5848a82826873ccc2b38abccbdf5652f2e217482354c66434ed1b93df8971cb0bea3"
      },
      "downloads": [
        "https://cdn.modrinth.com/data/fPetb5Kh/versions/Og40jCNX/NaturesCompass-1.20.1-1.11.2-forge.jar",
        "https://mediafilez.forgecdn.net/files/4712/189/NaturesCompass-1.20.1-1.11.2-forge.jar",
        "https://edge.forgecdn.net/files/4712/189/NaturesCompass-1.20.1-1.11.2-forge.jar"
      ],
      "fileSize": 215119
    },
    {
      "path": "mods/[连锁破坏] ftb-ultimine-forge-2001.1.7.jar",
      "hashes": {
        "sha1": "3cbefa29b387cebb85022cb0ff838fd54b67cf82",
        "sha512": "838d140d567be41948713c98e6850d12209ed2ca75a1de079c0f2eb5a8b50eddedec66d220b6f99ed66286d7e331db0b2bf83b4798be1e91ce349157caad77f8"
      },
      "downloads": [
        "https://mediafilez.forgecdn.net/files/6899/418/ftb-ultimine-forge-2001.1.7.jar",
        "https://edge.forgecdn.net/files/6899/418/ftb-ultimine-forge-2001.1.7.jar"
      ],
      "fileSize": 114945
    },
    {
      "path": "mods/[通用机械] Mekanism-1.20.1-10.4.16.80.jar",
      "hashes": {
        "sha1": "b7f12ae710888b01746507a0aa8cb375f5897158",
        "sha512": "a838bb3fa5550ba3589a81005fde2ca04b5d33417ae65a8060bbc46ba948dec2d16ab0871a55e73e0ca39651b33814eb508b5b85d337e6ed8874b79383f3e6f0"
      },
      "downloads": [
        "https://cdn.modrinth.com/data/Ce6I4WUE/versions/uxe1WQp4/Mekanism-1.20.1-10.4.16.80.jar",
        "https://mediafilez.forgecdn.net/files/6552/911/Mekanism-1.20.1-10.4.16.80.jar",
        "https://edge.forgecdn.net/files/6552/911/Mekanism-1.20.1-10.4.16.80.jar"
      ],
      "fileSize": 12558456
    },
    {
      "path": "mods/[通用机械发电机] MekanismGenerators-1.20.1-10.4.16.80.jar",
      "hashes": {
        "sha1": "53fa707fd204ca1dd099a08995c2197145ff9a36",
        "sha512": "f377ddd719cc5df6b09c81b16467da5ca6645237270c6f81556304585ebaee79030613783418a7b100ed6695857d17ce2d83ecfd123abf309e78ea3c0c2d1d12"
      },
      "downloads": [
        "https://cdn.modrinth.com/data/OFVYKsAk/versions/Th4Czz4N/MekanismGenerators-1.20.1-10.4.16.80.jar",
        "https://mediafilez.forgecdn.net/files/6552/914/MekanismGenerators-1.20.1-10.4.16.80.jar",
        "https://edge.forgecdn.net/files/6552/914/MekanismGenerators-1.20.1-10.4.16.80.jar"
      ],
      "fileSize": 1054586
    },
    {
      "path": "mods/[通用机械工具] MekanismTools-1.20.1-10.4.16.80.jar",
      "hashes": {
        "sha1": "0d22b1cc01a33702f1b9e17b26cc55e233a4e7ff",
        "sha512": "23384cd2fe7572080004632cf5534b9aca22ea7a8a15b4a5ec34ff43851bc5c6bd36e18a5e76da70954c1c629ebef19bfd9a4a343601f8775d537798a48f2296"
      },
      "downloads": [
        "https://cdn.modrinth.com/data/tqQpq1lt/versions/VzpFbUpF/MekanismTools-1.20.1-10.4.16.80.jar",
        "https://mediafilez.forgecdn.net/files/6552/915/MekanismTools-1.20.1-10.4.16.80.jar",
        "https://edge.forgecdn.net/files/6552/915/MekanismTools-1.20.1-10.4.16.80.jar"
      ],
      "fileSize": 517999
    },
    {
      "path": "mods/[通用机械武器] MekanismWeapons-1.20.1-3.0.jar",
      "hashes": {
        "sha1": "731ca65cbae47b99314f29eb75d0401084c4883e",
        "sha512": "58a421f799f45fe3331fa8b706b3c1d2aed1569728c2e1df40103bb08a534168a795efe816c7759b1ae7adc74731c0eb1a5c8c642fd0a334d8457bf9b7f46f53"
      },
      "downloads": [
        "https://mediafilez.forgecdn.net/files/6949/839/MekanismWeapons-1.20.1-3.0.jar",
        "https://edge.forgecdn.net/files/6949/839/MekanismWeapons-1.20.1-3.0.jar"
      ],
      "fileSize": 116376
    },
    {
      "path": "mods/[通用机械附加] MekanismAdditions-1.20.1-10.4.16.80.jar",
      "hashes": {
        "sha1": "64e930adf31b23db53412a62b0e8f950e64f7f2d",
        "sha512": "7f8bf953f11b1fc06e6e41807aa5850c2edc62082da615c9d65b6dc10bfdbbc9e16f334f86e28978495075d56eb141d337266024ece7284b3149a12361485e23"
      },
      "downloads": [
        "https://cdn.modrinth.com/data/a6F3uASn/versions/RFiZ24he/MekanismAdditions-1.20.1-10.4.16.80.jar",
        "https://mediafilez.forgecdn.net/files/6552/913/MekanismAdditions-1.20.1-10.4.16.80.jar",
        "https://edge.forgecdn.net/files/6552/913/MekanismAdditions-1.20.1-10.4.16.80.jar"
      ],
      "fileSize": 1136805
    },
    {
      "path": "mods/[配方阶段] RecipeStages-8.0.0.2.jar",
      "hashes": {
        "sha1": "f021063c46a2ce0245c1e42c4708c9cf59e39e21",
        "sha512": "a01ad6353b94c0cb84cce7683013def602b99f29c2fd4923bf10fc3ce9d7309fa212cc84c3489a775e5517fb345c372013f7b18dce18ea45359bb2bd92b818cd"
      },
      "downloads": [
        "https://cdn.modrinth.com/data/qXkLFB0L/versions/iZsXzfY9/RecipeStages-8.0.0.2.jar",
        "https://mediafilez.forgecdn.net/files/5173/574/RecipeStages-8.0.0.2.jar",
        "https://edge.forgecdn.net/files/5173/574/RecipeStages-8.0.0.2.jar"
      ],
      "fileSize": 50691
    },
    {
      "path": "mods/[钌] ruok-forge_1.20.1-1.7.2.jar",
      "hashes": {
        "sha1": "74077c62c147341125ac8ffdbcfd372e1554bf66",
        "sha512": "0c5f7c307b42b7b11dd0342e1bd10741dcb8bdf35f3cb77ab77a10ffef73a43bb6f2be7a19ef167b7d01eafee54e81fb928bdce19df534a3fe82f35b94203f61"
      },
      "downloads": [
        "https://cdn.modrinth.com/data/aTsegPV0/versions/ICkMuBrJ/ruok-forge_1.20.1-1.7.2.jar",
        "https://mediafilez.forgecdn.net/files/7056/606/ruok-forge_1.20.1-1.7.2.jar",
        "https://edge.forgecdn.net/files/7056/606/ruok-forge_1.20.1-1.7.2.jar"
      ],
      "fileSize": 330996
    },
    {
      "path": "mods/[钠／Embeddium：附属] sodiumextras-forge-1.0.7-1.20.1.jar",
      "hashes": {
        "sha1": "7603f44bc4750774fbbdc07a3153c391650fcf3d",
        "sha512": "47f298943079eb6b8f5222cbb093fec0c29c86a6f68e8000545059d64ff5c4cbf76fa774565a0d4d89d1fb0a278b62292f7619fb818e4fdfd9f01a637e7fcbfb"
      },
      "downloads": [
        "https://cdn.modrinth.com/data/vqqx0QiE/versions/VNFB2Vgv/sodiumextras-forge-1.0.7-1.20.1.jar",
        "https://mediafilez.forgecdn.net/files/6041/697/sodiumextras-forge-1.0.7-1.20.1.jar",
        "https://edge.forgecdn.net/files/6041/697/sodiumextras-forge-1.0.7-1.20.1.jar"
      ],
      "fileSize": 438540
    },
    {
      "path": "mods/[铁氧体磁芯] ferritecore-6.0.1-forge.jar",
      "hashes": {
        "sha1": "417fb6ce8f52abf40bd9d0390371790f9576f8ba",
        "sha512": "a1960a7c03dc32d4ccaccaf28afdd9b078758bbd62d15a91d4039a83fa9397a098e89b69591f6bd5190254d9ee97e502504154b9aec764adb8c65f000b75ba2c"
      },
      "downloads": [
        "https://cdn.modrinth.com/data/uXXizFIs/versions/DG5Fn9Sz/ferritecore-6.0.1-forge.jar",
        "https://mediafilez.forgecdn.net/files/4810/975/ferritecore-6.0.1-forge.jar",
        "https://edge.forgecdn.net/files/4810/975/ferritecore-6.0.1-forge.jar"
      ],
      "fileSize": 123034
    },
    {
      "path": "mods/[铷 · 扩展] rubidium-extra-0.5.4.4+mc1.20.1-build.131.jar",
      "hashes": {
        "sha1": "bb422d5626bf69841e444a3e545c8e71b6928cf8",
        "sha512": "4067ef8d94fd4022a5f4feb02250d86c96ab10867f526c64e7e02a409ac6d46fbc32e87ffd735b1203f328d147c291e4a8dda1288c1deb3e232a1e5cb13701fb"
      },
      "downloads": [
        "https://cdn.modrinth.com/data/oY2B1pjg/versions/F06DXCMX/rubidium-extra-0.5.4.4%2Bmc1.20.1-build.131.jar",
        "https://mediafilez.forgecdn.net/files/6101/745/rubidium-extra-0.5.4.4%2bmc1.20.1-build.131.jar",
        "https://edge.forgecdn.net/files/6101/745/rubidium-extra-0.5.4.4%2bmc1.20.1-build.131.jar"
      ],
      "fileSize": 568608
    },
    {
      "path": "mods/[镭] radium-mc1.20.1-0.12.4+git.26c9d8e.jar",
      "hashes": {
        "sha1": "f5f5f792473bb7b85ec221f75c5afb3740afb13a",
        "sha512": "7b59c491d72801257c740626faab8c14ed580db28493c474147341531bca3de5ea822d4042d3786ae619449b6f6ffc1001a1cdc1b9276ec900e57ab17dd8989a"
      },
      "downloads": [
        "https://cdn.modrinth.com/data/2gvRmQXx/versions/n947JjJH/radium-mc1.20.1-0.12.4%2Bgit.26c9d8e.jar",
        "https://mediafilez.forgecdn.net/files/5706/69/radium-mc1.20.1-0.12.4%2bgit.26c9d8e.jar",
        "https://edge.forgecdn.net/files/5706/69/radium-mc1.20.1-0.12.4%2bgit.26c9d8e.jar"
      ],
      "fileSize": 713454
    },
    {
      "path": "resourcepacks/SodiumTranslations.zip",
      "hashes": {
        "sha1": "19a2f380a3a43077624f692f7532a480cdfae21a",
        "sha512": "592dcd2a76b3b683730c7260a5f9338b96207a1549c5630c8ae548d4593fffd178e91d6c6926fd3715b29e01cefb8fe338dc071bce3bb58eb5a35707e07d77c4"
      },
      "downloads": [
        "https://cdn.modrinth.com/data/yfDziwn1/versions/kMhmZLcr/SodiumTranslations.zip",
        "https://mediafilez.forgecdn.net/files/6758/300/SodiumTranslations.zip",
        "https://edge.forgecdn.net/files/6758/300/SodiumTranslations.zip"
      ],
      "fileSize": 225824
    },
    {
      "path": "mods/GPUTape-1.18x-1.21x-1.0.5.1.jar",
      "hashes": {
        "sha1": "db4a84db628dd668e08898e42e881615d34f0629",
        "sha512": "4bcfccf92a9b2e5842864b23caef9805da8a849928a711029ba9df0364cf50f66cf0f58bacca5316a0b7b1d10cb62569aca7e6d9f894c3a42100dc6d9a80cca7"
      },
      "downloads": [
        "https://cdn.modrinth.com/data/5CTSrY8X/versions/mMc55fB1/GPUTape-1.18x-1.21x-1.0.5.1.jar"
      ],
      "fileSize": 20295
    },
    {
      "path": "mods/[实体渲染机制优化] entityculling-forge-1.8.2-mc1.20.1.jar",
      "hashes": {
        "sha1": "0a465a4dbbc4b21b3465bb15796635b5c1024cf4",
        "sha512": "45c54f5f69cc75d0c9c79a716c182d3d9ee59d9883d2333030f191176ee70922ad281ea1b60d2f10bbaf8be96a3454c6d14ef484d1db49c153c97859dbc4ffb5"
      },
      "downloads": [
        "https://cdn.modrinth.com/data/NNAgCjsB/versions/zinofwiX/entityculling-forge-1.8.2-mc1.20.1.jar"
      ],
      "fileSize": 478568
    }
  ],
  "dependencies": {
    "minecraft": "1.20.1",
    "forge": "47.4.6"
  }
}